iter	MAE
0	0.2403412577
1	0.2402185808
